{"cameraMode":{"drawMode":0,"name":"Shaded","section":"Shading Mode"},"sceneLighting":false,"audioPlay":false,"sceneViewState":{"showFog":true,"showMaterialUpdate":false,"showSkybox":true,"showFlares":true,"showImageEffects":true,"showParticleSystems":true},"in2DMode":false,"pivot":{"x":0.28940001130104067,"y":-0.7642000317573547,"z":-0.009999999776482582},"rotation":{"x":-0.19274301826953889,"y":-0.3059026598930359,"z":0.0633864626288414,"w":-0.9301913380622864},"size":1.1628658771514893,"orthographic":false}