{"cameraMode":{"drawMode":0,"name":"Shaded","section":"Shading Mode"},"sceneLighting":false,"audioPlay":false,"sceneViewState":{"showFog":true,"showMaterialUpdate":false,"showSkybox":true,"showFlares":true,"showImageEffects":true,"showParticleSystems":true},"in2DMode":false,"pivot":{"x":-0.3190000057220459,"y":0.19000530242919923,"z":-0.00924217700958252},"rotation":{"x":-0.19274301826953889,"y":-0.3059026598930359,"z":0.0633864626288414,"w":-0.9301913380622864},"size":0.4064943194389343,"orthographic":false}