{"cameraMode":{"drawMode":0,"name":"Shaded","section":"Shading Mode"},"sceneLighting":false,"audioPlay":false,"sceneViewState":{"showFog":true,"showMaterialUpdate":false,"showSkybox":true,"showFlares":true,"showImageEffects":true,"showParticleSystems":true},"in2DMode":false,"pivot":{"x":6.756604194641113,"y":11.916096687316895,"z":10.039068222045899},"rotation":{"x":-0.06444128602743149,"y":-0.9351261854171753,"z":0.26062697172164919,"w":-0.23121429979801179},"size":22.0,"orthographic":false}