{"cameraMode":{"drawMode":0,"name":"Shaded","section":"Shading Mode"},"sceneLighting":false,"audioPlay":false,"sceneViewState":{"showFog":true,"showMaterialUpdate":false,"showSkybox":true,"showFlares":true,"showImageEffects":true,"showParticleSystems":true},"in2DMode":false,"pivot":{"x":2.1687121391296388,"y":6.177331924438477,"z":13.528149604797364},"rotation":{"x":-0.06609544903039932,"y":-0.8915985822677612,"z":0.42609304189682009,"w":-0.1383044421672821},"size":22.0,"orthographic":false}