{"cameraMode":{"drawMode":0,"name":"Shaded","section":"Shading Mode"},"sceneLighting":false,"audioPlay":false,"sceneViewState":{"showFog":true,"showMaterialUpdate":false,"showSkybox":true,"showFlares":true,"showImageEffects":true,"showParticleSystems":true},"in2DMode":false,"pivot":{"x":-14.722956657409668,"y":5.06623649597168,"z":-1.7801470756530762},"rotation":{"x":-0.03702622279524803,"y":0.6677393913269043,"z":-0.03328781947493553,"w":-0.7427282333374023},"size":22.0,"orthographic":false}