{"cameraMode":{"drawMode":0,"name":"Shaded","section":"Shading Mode"},"sceneLighting":true,"audioPlay":false,"sceneViewState":{"showFog":true,"showMaterialUpdate":false,"showSkybox":true,"showFlares":true,"showImageEffects":true,"showParticleSystems":true},"in2DMode":false,"pivot":{"x":7.450580596923828e-9,"y":-1.0,"z":0.06376209110021591},"rotation":{"x":-0.0003287689760327339,"y":0.9994818568229675,"z":-0.030310558155179025,"w":-0.010824780911207199},"size":0.40649449825286868,"orthographic":false}