{"cameraMode":{"drawMode":0,"name":"Shaded","section":"Shading Mode"},"sceneLighting":true,"audioPlay":false,"sceneViewState":{"showFog":true,"showMaterialUpdate":false,"showSkybox":true,"showFlares":true,"showImageEffects":true,"showParticleSystems":true},"in2DMode":false,"pivot":{"x":-0.10635814070701599,"y":0.0777280181646347,"z":0.08663209527730942},"rotation":{"x":-0.00004919527782476507,"y":0.9893875122070313,"z":-0.14530079066753388,"w":-0.00032701384043321013},"size":0.012033700942993164,"orthographic":false}