{"cameraMode":{"drawMode":0,"name":"Shaded","section":"Shading Mode"},"sceneLighting":true,"audioPlay":false,"sceneViewState":{"showFog":true,"showMaterialUpdate":false,"showSkybox":true,"showFlares":true,"showImageEffects":true,"showParticleSystems":true},"in2DMode":false,"pivot":{"x":3.9682984352111818,"y":6.339447975158691,"z":-5.0832719802856449},"rotation":{"x":-0.0761444941163063,"y":0.8992407917976379,"z":-0.1737017035484314,"w":-0.39420267939567568},"size":1.4833091497421265,"orthographic":false}